{"odt":"SBCC-9949005","userid":"496","latitud":"26.9282864","longitud":"-105.6586332","afiliacion":"7086983","comentarios":"SE REALIZA CAMBIO DE CARGADOR. SE RECOGE CARGADOR SE REALIZAN PRUEBAS DE VENTA CANCELACI\u00d3N TOTALIZACI\u00d3N CIERRE SE DEJA TPV FUNCIONANDO CORRECTAMENTE. EN PESCADERIA BELMAR FRENTE A LA SECUNDARIA FRANCISCA OLIVAS. ","cve_banco":"3","tvpentrada":"346-686-621","tvpsalida":"No Legible","simentrada":"8952020219691916312","simsalida":"","atendio":"SIRENIA JUDITH LEAL","rollosentrega":"0","rollosinstalar":"0","horaentrada":"10:46:54","horasalida":"10:53:13","horaticket":"10:45 AM","foliotelecarga":"","idcaja":"01","aplicativo":"4","version":"27"}