{"odt":"ROLLOSSEP208247357","userid":"496","latitud":"26.9367158","longitud":"-105.7136439","afiliacion":"8247357","comentarios":"SE ENTREGARON 20 ROLLOS PAR\u00c1 TPV EN RANCHERO SUC G\u00d3MEZ MORIN. ","cve_banco":"3","tvpentrada":"346-808-070","tvpsalida":"No Legible","simentrada":"","simsalida":"","atendio":"SOCORRO RODRIGUEZ","rollosentrega":"020","rollosinstalar":"20","horaentrada":"13:36:53","horasalida":"13:41:54","horaticket":"1:34 PM","foliotelecarga":"","idcaja":"01","aplicativo":"4","version":"13"}