{"odt":"C-9743046","userid":"459","latitud":"24.8137464","longitud":"-107.397866","afiliacion":"9962093","comentarios":"SE REALIZA CAMBIO DE TPV SE REC9BE TPV CON TAPA PILA Y CARGADOR. SE ENTREGA TPV COMPLETA ","cve_banco":"3","tvpentrada":"201517333301051915084267","tvpsalida":"328-533-466","simentrada":"","simsalida":"","atendio":"","rollosentrega":"0","rollosinstalar":"0","horaentrada":"16:38:33","horasalida":"16:46:2","horaticket":"4:37 PM","foliotelecarga":"","idcaja":"8","aplicativo":"3","version":"7"}