{"odt":"OPTBLUE2NDSEP207619832","userid":"439","latitud":"25.8795502","longitud":"-97.5124135","afiliacion":"7619832","comentarios":"SE RECHAZA SERVICIO YA QUE LAS TECLAS LILA NO FUNCIONAN Y NO SE PUEDE REALIZAR LA REPROGRAMACI\u00d3N","cve_banco":"3","tvpentrada":"No Legible","tvpsalida":"","simentrada":"8952031103905252267","simsalida":"","atendio":"CINTHIA RINCON PADRON","rollosentrega":"0","rollosinstalar":"0","horaentrada":"13:23:50","horasalida":"13:49:3","horaticket":"1:32 PM","foliotelecarga":"3509445","idcaja":"1","aplicativo":"4"}