{"odt":"C-9875383","userid":"439","latitud":"25.8452709","longitud":"-97.5040537","afiliacion":"8440994","comentarios":"RECHAZO. EL PERSONAL EN TURNO REFIERE QUE LA TERMINAL ESTA FUNCIONANDO CORRECTAMENTE Y NO NECESITAN EL CAMBIO.","cve_banco":"3","tvpentrada":"No Legible","tvpsalida":"No Legible","simentrada":"","simsalida":"","atendio":"DANIA GABRIELA LUCIO FUENTES","rollosentrega":"0","rollosinstalar":"0","horaentrada":"17:11:9","horasalida":"17:16:23","horaticket":"5:12 PM","foliotelecarga":"","idcaja":""}