{"odt":"P200901227999184","userid":"496","latitud":"26.9332988","longitud":"-105.665415","afiliacion":"936963","comentarios":"SE INSTAL\u00d3 TPV ADICIONAL SE REALIZAN PRUEBAS, SE DEJA TPV FUNCIONANDO CORRECTAMENTE. ","cve_banco":"3","tvpentrada":"346-808-834","tvpsalida":"No Legible","simentrada":"","simsalida":"","atendio":"CORINA CRISTOFORO DE CARRERA","rollosentrega":"0","rollosinstalar":"0","horaentrada":"12:42:17","horasalida":"12:53:49","horaticket":"1:27 PM","foliotelecarga":"05824114","idcaja":"09","aplicativo":"1","version":"14"}