{"odt":"C-9757114","userid":"459","latitud":"24.796765","longitud":"-107.3989335","afiliacion":"8194288","comentarios":"SE REALIZ\u00d3 CAMBIO DE TPV YA QUE DE NO DETECTA LA RED. SE RECIBE TPV COMPLETA. SE ENTREGA TPV COMPLETA. FRENTE A SECRETAR\u00cdA DE SALUD","cve_banco":"3","tvpentrada":"No Legible","tvpsalida":"No Legible","simentrada":"","simsalida":"","atendio":"LILIANA JUDITH TORRES","rollosentrega":"00","rollosinstalar":"0","horaentrada":"15:24:38","horasalida":"15:25:13","horaticket":"3:05 AM","foliotelecarga":"5407218","idcaja":"1","aplicativo":"4","version":"14"}