{"odt":"P20090379714663","userid":"431","latitud":"25.6465939","longitud":"-100.2875871","afiliacion":"7971466","comentarios":"SE INSTALA TERMINAL SE CAPACITA SE ENTREGAN 20 ROLLOS SE REALIZAN PRUEBAS Y QUEDA OPERANDO CORRECTAMENTE ","cve_banco":"3","tvpentrada":"43042111","tvpsalida":"","simentrada":"","simsalida":"","atendio":"","rollosentrega":"0","rollosinstalar":"0","horaentrada":"14:6:27","horasalida":"14:36:46","horaticket":"2:18 PM","foliotelecarga":"5828131","idcaja":"4","aplicativo":"4","version":"14"}