{"odt":"C-9875723","userid":"488","latitud":"31.6369917","longitud":"-106.3749317","afiliacion":"8050701","comentarios":"SE CAMBIA TERMINAL, POR FALLA.","cve_banco":"3","tvpentrada":"201487333301051915015735","tvpsalida":"No Legible","simentrada":"","simsalida":"","atendio":"MARIA DE LOS ANGELES GUTI\u00c9RREZ RAZCON","rollosentrega":"0","rollosinstalar":"0","horaentrada":"17:23:15","horasalida":"17:49:33","horaticket":"17:35","foliotelecarga":"04189426","idcaja":"06","aplicativo":"4","version":"5"}