{"odt":"OPTBLUE2NDSEP207038819","userid":"459","latitud":"24.7805215","longitud":"-107.3712097","afiliacion":"7038819","comentarios":"CLIENTE COMENTA QUE LA PERSONA NO SE IDENTIFICA CON ALGUNA INFORMACI\u00d3N DEL BANCO SANTANDER S\u00cd CUENTA CON IDENTIFICACI\u00d3N Y UNIFORME PERO DE LA EMPRESA SOLUCIONES INTEGRALES Y NO DEL BANCO Y POR SEGURIDAD NO SE LE BRINDA ACCESO AL USO DE TERMINAL","cve_banco":"3","tvpentrada":"No Legible","tvpsalida":"","simentrada":"","simsalida":"","atendio":"ROBERTO ONTIVEROS","rollosentrega":"00","rollosinstalar":"0","horaentrada":"13:16:35","horasalida":"13:30:42","horaticket":"1:15 PM","foliotelecarga":"","idcaja":""}