{"odt":"ACTUALIZACIONNMIT8037850","userid":"439","latitud":"25.8732649","longitud":"-97.4979677","afiliacion":"8037850","comentarios":"SE REALIZA ACTUALIZACI\u00d3N TPV VX520 TRIO ETH MIT SE DEJA OPERANDO CORRECTAMENTE, SE REALIZAN PRUEBAS. REFERENCIA CALLE OCAMPO ENTRE GUATEMALA Y HONDURAS","cve_banco":"3","tvpentrada":"No Legible","tvpsalida":"","simentrada":"","simsalida":"","atendio":"VIRGINIA NATTALY MAR FORTUNATO","rollosentrega":"0","rollosinstalar":"0","horaentrada":"11:51:43","horasalida":"12:18:6","horaticket":"12:07 PM","foliotelecarga":"","idcaja":"","version":"25"}