{"odt":"ROLLOSOCT206512891","userid":"496","latitud":"26.9368202","longitud":"-105.6701968","afiliacion":"6512891","comentarios":"SE ENTREGARON 35 ROLLOS PAR\u00c1 TPV EN SERVICIO CENTENARIO FRENTE A PASTELER\u00cdA LOS CEDROS. ","cve_banco":"3","tvpentrada":"17264WL26654141","tvpsalida":"No Legible","simentrada":"","simsalida":"","atendio":"","rollosentrega":"035","rollosinstalar":"35","horaentrada":"10:29:26","horasalida":"10:33:33","horaticket":"10:27 AM","foliotelecarga":"","idcaja":"05","aplicativo":"4","version":"3"}