{"odt":"ROLLOSSEP207567679","userid":"496","latitud":"26.9362783","longitud":"-105.6398445","afiliacion":"7567679","comentarios":"SE ENTREGARON 20.ROLLOS PAR\u00c1 TPV EN SERV BELLA VISTA 2. FRENTE A CLUB CASA BLANCA PARRAL. ","cve_banco":"3","tvpentrada":"17221WL26488894","tvpsalida":"No Legible","simentrada":"8952020514597047943","simsalida":"","atendio":"SERGIO PONCE","rollosentrega":"020","rollosinstalar":"20","horaentrada":"12:53:51","horasalida":"12:58:57","horaticket":"12:55 PM","foliotelecarga":"","idcaja":"02","aplicativo":"4","version":"3"}