{"odt":"ACTUALIZACIONNMIT7926806","userid":"439","latitud":"25.8732534","longitud":"-97.4955409","afiliacion":"7926806","comentarios":"SE REALIZA ACTUALIZACI\u00d3N DE TPV VX520 DUO ETH MIT. SE DEJA OPERANDO CORRECTAMENTE, SE REALIZA PRUEBAS DE VENTA. REFERENCIA CALLE JU\u00c1REZ Y LUIS AGUILAR","cve_banco":"3","tvpentrada":"260-658-690","tvpsalida":"","simentrada":"","simsalida":"","atendio":"LUZ MARIA RODR\u00cdGUEZ GARCIA","rollosentrega":"0","rollosinstalar":"0","horaentrada":"12:31:45","horasalida":"12:54:8","horaticket":"12:43 PM","foliotelecarga":"","idcaja":"","version":"25"}