{"odt":"ROLLOSOCT20509372","userid":"439","latitud":"25.8583958","longitud":"-97.504334","afiliacion":"509372","comentarios":"SE ENTREGAN 20 ROLLOS PARA TPV. REFERENCIA FRENTE A CASA DE CAMBIO REAL CENTENARIO","cve_banco":"3","tvpentrada":"No Legible","tvpsalida":"","simentrada":"","simsalida":"","atendio":"YESENIA CAVAZOS CRUZ","rollosentrega":"20","rollosinstalar":"20","horaentrada":"13:19:50","horasalida":"13:28:4","horaticket":"1:21 PM","foliotelecarga":"","idcaja":"2","aplicativo":"3","version":"7"}