{"odt":"ACTUALIZACIONNMIT8040725","userid":"439","latitud":"25.8864699","longitud":"-97.5040447","afiliacion":"8040725","comentarios":"SE REALIZA ACTUALIZACI\u00d3N DE TPV VX520 DUO ETH MIT SE DEJA OPERANDO CORRECTAMENTE, SE REALIZAN PRUEBAS DE VENTA. REFERENCIA FRENTE A MUSEO DE ARTE CONTEMPOR\u00c1NEO DE TAMAULIPAS","cve_banco":"3","tvpentrada":"281-123-319","tvpsalida":"","simentrada":"","simsalida":"","atendio":"RICIO ESTEFAN\u00cdA P\u00c9REZ RDZ","rollosentrega":"0","rollosinstalar":"0","horaentrada":"13:54:9","horasalida":"14:36:11","horaticket":"2:16 PM","foliotelecarga":"","idcaja":"","version":"25"}