{"odt":"P20091084500947","userid":"488","latitud":"31.6871795","longitud":"-106.409048","afiliacion":"8450094","comentarios":"SE INSTALA TERMINAL MIT ETHERNET, SE DEJAN 200 ROLLOS Y KIT DR BIEN VENIDA.","cve_banco":"3","tvpentrada":"No Legible","tvpsalida":"","simentrada":"","simsalida":"","atendio":"\u00c1NGEL BEN\u00cdTEZ","rollosentrega":"20","rollosinstalar":"0","horaentrada":"16:43:31","horasalida":"17:15:56","horaticket":"16:45","foliotelecarga":"","idcaja":"","aplicativo":"4","version":"28"}